content_id,component,source_path,source_filename,source_date,source_sha256,destination_path,imported_at,status,notes
introduction-to-course,core-concepts,G:\My Drive\0-Projects\!-important\BITM330-book-drive\BITM330-Book-draft\chapter-drafts\ch01-introduction-to-course\main\ch01-main-2026-06-05.md,ch01-main-2026-06-05.md,2026-06-05,b500e4269f34f82358bc5ceba329c3c843ed4a1b4696f9da9776f533b65a30b4,files/source/chapters/ch01-introduction-to-course/core-concepts.md,2026-06-10T14:15:07-04:00,imported,
introduction-to-course,core-concepts,,"ch01-edit-2026-05-21.md",,,,,2026-06-10T14:15:07-04:00,skipped-noncanonical,excluded-pattern
introduction-to-course,core-concepts,,"ch01-edit-2-17.md",,,,,2026-06-10T14:15:07-04:00,skipped-noncanonical,excluded-pattern
introduction-to-course,core-concepts,,"ch01-edited-2026-03-08.md",,,,,2026-06-10T14:15:07-04:00,skipped-noncanonical,excluded-pattern
introduction-to-course,core-concepts,,"ch01-introduction-to-course-concepts-draft.md",,,,,2026-06-10T14:15:07-04:00,skipped-noncanonical,excluded-pattern
introduction-to-course,core-concepts,,"ch01-main-2026-05-13-gpt-copilot.md",,,,,2026-06-10T14:15:07-04:00,skipped-noncanonical,no-pattern-match
introduction-to-course,core-concepts,,"ch01-main-2026-05-13-opus.md",,,,,2026-06-10T14:15:07-04:00,skipped-noncanonical,no-pattern-match
introduction-to-course,core-concepts,,"ch01-main-2026-06-03-1.md",,,,,2026-06-10T14:15:07-04:00,skipped-noncanonical,no-pattern-match
introduction-to-course,core-concepts,,"ch01-main-unified-2026-05-18.md",,,,,2026-06-10T14:15:07-04:00,skipped-noncanonical,no-pattern-match
introduction-to-course,core-concepts,,"ch01-rewrite-222.md",,,,,2026-06-10T14:15:07-04:00,skipped-noncanonical,excluded-pattern
introduction-to-course,core-concepts,,"ch01-rewrite-claude-222.md",,,,,2026-06-10T14:15:07-04:00,skipped-noncanonical,excluded-pattern
introduction-to-course,core-concepts,,"introduction.md",,,,,2026-06-10T14:15:07-04:00,skipped-noncanonical,no-pattern-match
introduction-to-course,core-concepts,,"introduction-edited.md",,,,,2026-06-10T14:15:07-04:00,skipped-noncanonical,excluded-pattern
introduction-to-course,core-concepts,,"introduction-outline.md",,,,,2026-06-10T14:15:07-04:00,skipped-noncanonical,excluded-pattern
introduction-to-course,lets-build,G:\My Drive\0-Projects\!-important\BITM330-book-drive\BITM330-Book-draft\chapter-drafts\ch01-introduction-to-course\lets-build\ch01-lets-build-2026-06-03.md,ch01-lets-build-2026-06-03.md,2026-06-03,efed1fa21e2e211f5a9d7284c87c6d92915775a9f85b028b42c30d47fcdcfec4,files/source/chapters/ch01-introduction-to-course/lets-build.md,2026-06-10T14:15:07-04:00,imported,
introduction-to-course,lets-build,,"ch01-lets-build.md",,,,,2026-06-10T14:15:07-04:00,skipped-noncanonical,no-pattern-match
introduction-to-course,review-questions,G:\My Drive\0-Projects\!-important\BITM330-book-drive\BITM330-Book-draft\chapter-drafts\ch01-introduction-to-course\reflection\ch01-reflection-2026-06-03.md,ch01-reflection-2026-06-03.md,2026-06-03,027d20fca912d569aedd19289d36c215e713bd7a69ef3ec90870fe756f8ab8f8,files/source/chapters/ch01-introduction-to-course/review-questions.md,2026-06-10T14:15:07-04:00,imported,
introduction-to-course,review-questions,,"ch01-discussion.md",,,,,2026-06-10T14:15:07-04:00,skipped-noncanonical,no-pattern-match
introduction-to-course,review-questions,,"ch01-reflection.md",,,,,2026-06-10T14:15:07-04:00,skipped-noncanonical,no-pattern-match
introduction-to-course,terms-treasury,G:\My Drive\0-Projects\!-important\BITM330-book-drive\BITM330-Book-draft\chapter-drafts\ch01-introduction-to-course\terms\ch01-terms-2026-06-03.md,ch01-terms-2026-06-03.md,2026-06-03,3b6772299e2f39d8e93b64a94d61eff0f04a12c89b9056e582cd26e016e0215e,files/source/chapters/ch01-introduction-to-course/terms-treasury.md,2026-06-10T14:15:07-04:00,imported,
introduction-to-course,terms-treasury,,"ch01-TermTreasury-2026-03-08.md",,,,,2026-06-10T14:15:07-04:00,skipped-noncanonical,excluded-pattern
introduction-to-course,terms-treasury,,"ch01-TermTreasury-2026-03-18.md",,,,,2026-06-10T14:15:07-04:00,skipped-noncanonical,excluded-pattern
introduction-to-course,terms-treasury,,"ch01-TermTreasury-221.md",,,,,2026-06-10T14:15:07-04:00,skipped-noncanonical,excluded-pattern
introduction-to-course,rat,G:\My Drive\0-Projects\!-important\BITM330-book-drive\BITM330-Book-draft\chapter-drafts\ch01-introduction-to-course\rat\ch01-rat-2026-06-03.md,ch01-rat-2026-06-03.md,2026-06-03,333a7f032c5775db8c7da1a802634d3c70e5a7c3ee52d24ebed6fe6467e8fdec,files/source/chapters/ch01-introduction-to-course/rat.md,2026-06-10T14:15:07-04:00,imported,
introduction-to-course,rat,,"ch01-rat.md",,,,,2026-06-10T14:15:07-04:00,skipped-noncanonical,no-pattern-match
mis-and-bitm,core-concepts,G:\My Drive\0-Projects\!-important\BITM330-book-drive\BITM330-Book-draft\chapter-drafts\ch02-mis-and-bitm\main\ch02-main-2026-06-06.md,ch02-main-2026-06-06.md,2026-06-06,d1901eff1cbd22b7a3fa5275ff3fe5c67b844c24c3b5d068c415dfca3eb6e943,files/source/chapters/ch02-mis-and-bitm/core-concepts.md,2026-06-10T14:15:07-04:00,imported,
mis-and-bitm,core-concepts,,"ch02-core-2026-05-07-gemini.md",,,,,2026-06-10T14:15:07-04:00,skipped-noncanonical,no-pattern-match
mis-and-bitm,core-concepts,,"ch02-edit-2-17.md",,,,,2026-06-10T14:15:07-04:00,skipped-noncanonical,excluded-pattern
mis-and-bitm,core-concepts,,"ch02-edit-225.md",,,,,2026-06-10T14:15:07-04:00,skipped-noncanonical,excluded-pattern
mis-and-bitm,core-concepts,,"ch02-edit-5-13.md",,,,,2026-06-10T14:15:07-04:00,skipped-noncanonical,excluded-pattern
mis-and-bitm,core-concepts,,"ch02-foundation-edited.md",,,,,2026-06-10T14:15:07-04:00,skipped-noncanonical,excluded-pattern
mis-and-bitm,core-concepts,,"ch02-foundations-of-information-systems-REVISED.md",,,,,2026-06-10T14:15:07-04:00,skipped-noncanonical,no-pattern-match
mis-and-bitm,core-concepts,,"ch02-main-section-core-concepts-5-18.md",,,,,2026-06-10T14:15:07-04:00,skipped-noncanonical,excluded-pattern
mis-and-bitm,core-concepts,,"ch02-mis-and-bitm-concepts.md",,,,,2026-06-10T14:15:07-04:00,skipped-noncanonical,excluded-pattern
mis-and-bitm,core-concepts,,"ch02-rewrite-220.md",,,,,2026-06-10T14:15:07-04:00,skipped-noncanonical,excluded-pattern
mis-and-bitm,core-concepts,,"ch02-rewrite-222.md",,,,,2026-06-10T14:15:07-04:00,skipped-noncanonical,excluded-pattern
mis-and-bitm,core-concepts,,"ch02-rewrite-claude-222.md",,,,,2026-06-10T14:15:07-04:00,skipped-noncanonical,excluded-pattern
mis-and-bitm,core-concepts,,"ch2-edit-220-githubstyle-and-figures.md",,,,,2026-06-10T14:15:07-04:00,skipped-noncanonical,excluded-pattern
mis-and-bitm,lets-build,G:\My Drive\0-Projects\!-important\BITM330-book-drive\BITM330-Book-draft\chapter-drafts\ch02-mis-and-bitm\lets-build\ch02-lets-build-2026-06-03.md,ch02-lets-build-2026-06-03.md,2026-06-03,5ee4a48bf67bd65e74eda2f4a0de374dab0b423558ed65256c2886b8c44d2389,files/source/chapters/ch02-mis-and-bitm/lets-build.md,2026-06-10T14:15:07-04:00,imported,
mis-and-bitm,lets-build,,"ch02-lets-build.md",,,,,2026-06-10T14:15:07-04:00,skipped-noncanonical,no-pattern-match
mis-and-bitm,lets-build,,"ch02-lets-build-merge-2026-05-21.md",,,,,2026-06-10T14:15:07-04:00,skipped-noncanonical,no-pattern-match
mis-and-bitm,lets-build,,"lets-build-chatgpt-5-21.md",,,,,2026-06-10T14:15:07-04:00,skipped-noncanonical,no-pattern-match
mis-and-bitm,review-questions,G:\My Drive\0-Projects\!-important\BITM330-book-drive\BITM330-Book-draft\chapter-drafts\ch02-mis-and-bitm\reflection\ch02-reflection-2026-06-03.md,ch02-reflection-2026-06-03.md,2026-06-03,5cb23cfe288163c3207c04e57ecafc40500be4724f651bacfeb397fa46e98ffa,files/source/chapters/ch02-mis-and-bitm/review-questions.md,2026-06-10T14:15:07-04:00,imported,
mis-and-bitm,review-questions,,"ch02-reflection.md",,,,,2026-06-10T14:15:07-04:00,skipped-noncanonical,no-pattern-match
mis-and-bitm,review-questions,,"ch02-review.md",,,,,2026-06-10T14:15:07-04:00,skipped-noncanonical,no-pattern-match
mis-and-bitm,terms-treasury,G:\My Drive\0-Projects\!-important\BITM330-book-drive\BITM330-Book-draft\chapter-drafts\ch02-mis-and-bitm\terms\ch02-terms-2026-06-02.md,ch02-terms-2026-06-02.md,2026-06-02,821959a0e0b08c8988ce621e7879de3daa269e767021092119ac93210e27a4a7,files/source/chapters/ch02-mis-and-bitm/terms-treasury.md,2026-06-10T14:15:07-04:00,imported,
mis-and-bitm,terms-treasury,,"ch02-terms.md",,,,,2026-06-10T14:15:07-04:00,skipped-noncanonical,no-pattern-match
mis-and-bitm,terms-treasury,,"ch02-TermTreasury-221.md",,,,,2026-06-10T14:15:07-04:00,skipped-noncanonical,excluded-pattern
mis-and-bitm,rat,G:\My Drive\0-Projects\!-important\BITM330-book-drive\BITM330-Book-draft\chapter-drafts\ch02-mis-and-bitm\rat\ch02-rat-2026-06-03.md,ch02-rat-2026-06-03.md,2026-06-03,021246ac348af612036e31291e69324c06097a4d0241c3255f710e48ccc058a2,files/source/chapters/ch02-mis-and-bitm/rat.md,2026-06-10T14:15:07-04:00,imported,
mis-and-bitm,rat,,"ch02-rat.md",,,,,2026-06-10T14:15:07-04:00,skipped-noncanonical,no-pattern-match
what-is-data,core-concepts,G:\My Drive\0-Projects\!-important\BITM330-book-drive\BITM330-Book-draft\chapter-drafts\ch03-what-is-data\main\ch03-main-2026-06-03.md,ch03-main-2026-06-03.md,2026-06-03,7413f279e8614efe504aa267d905efb31cf1268b4ff05584e11f75c7617f9b71,files/source/chapters/ch03-what-is-data/core-concepts.md,2026-06-10T14:15:07-04:00,imported,
what-is-data,core-concepts,,"ch03-edit-2-17.md",,,,,2026-06-10T14:15:07-04:00,skipped-noncanonical,excluded-pattern
what-is-data,core-concepts,,"ch03-edited-2026-03-08.md",,,,,2026-06-10T14:15:07-04:00,skipped-noncanonical,excluded-pattern
what-is-data,core-concepts,,"ch03-main-edited-2026-05-18.md",,,,,2026-06-10T14:15:07-04:00,skipped-noncanonical,excluded-pattern
what-is-data,core-concepts,,"ch03-review.md",,,,,2026-06-10T14:15:07-04:00,skipped-noncanonical,no-pattern-match
what-is-data,core-concepts,,"ch03-rewrite-222.md",,,,,2026-06-10T14:15:07-04:00,skipped-noncanonical,excluded-pattern
what-is-data,core-concepts,,"ch03-rewrite-claude-222.md",,,,,2026-06-10T14:15:07-04:00,skipped-noncanonical,excluded-pattern
what-is-data,core-concepts,,"ch03-what-is-data-concepts.md",,,,,2026-06-10T14:15:07-04:00,skipped-noncanonical,excluded-pattern
what-is-data,core-concepts,,"ch-data-chatgpt.md",,,,,2026-06-10T14:15:07-04:00,skipped-noncanonical,no-pattern-match
what-is-data,core-concepts,,"ch-data-drafts.md",,,,,2026-06-10T14:15:07-04:00,skipped-noncanonical,excluded-pattern
what-is-data,core-concepts,,"ch-data-drafts2.md",,,,,2026-06-10T14:15:07-04:00,skipped-noncanonical,excluded-pattern
what-is-data,core-concepts,,"ch-data-gemini.md",,,,,2026-06-10T14:15:07-04:00,skipped-noncanonical,no-pattern-match
what-is-data,core-concepts,,"ch-data-outline.md",,,,,2026-06-10T14:15:07-04:00,skipped-noncanonical,excluded-pattern
what-is-data,core-concepts,,"data-edited-2-9-26.md",,,,,2026-06-10T14:15:07-04:00,skipped-noncanonical,excluded-pattern
what-is-data,lets-build,G:\My Drive\0-Projects\!-important\BITM330-book-drive\BITM330-Book-draft\chapter-drafts\ch03-what-is-data\lets-build\ch03-lets-build-2026-06-02.md,ch03-lets-build-2026-06-02.md,2026-06-02,14c082178fb70d9da8fbbba7fb5b69bcd51172fc8f675921810c258a3d6d6215,files/source/chapters/ch03-what-is-data/lets-build.md,2026-06-10T14:15:07-04:00,imported,
what-is-data,lets-build,,"ch03-lets-build.md",,,,,2026-06-10T14:15:07-04:00,skipped-noncanonical,no-pattern-match
what-is-data,lets-build,,"ch03-lets-build-notes.md",,,,,2026-06-10T14:15:07-04:00,skipped-noncanonical,excluded-pattern
what-is-data,review-questions,G:\My Drive\0-Projects\!-important\BITM330-book-drive\BITM330-Book-draft\chapter-drafts\ch03-what-is-data\reflection\ch03-reflection-2026-06-03.md,ch03-reflection-2026-06-03.md,2026-06-03,17c6f2883775d3828f6ef317d3dac40ab372395ce2cf7f0c1cc8f4bdd8b928cb,files/source/chapters/ch03-what-is-data/review-questions.md,2026-06-10T14:15:07-04:00,imported,
what-is-data,review-questions,,"ch03-reflection.md",,,,,2026-06-10T14:15:07-04:00,skipped-noncanonical,no-pattern-match
what-is-data,terms-treasury,G:\My Drive\0-Projects\!-important\BITM330-book-drive\BITM330-Book-draft\chapter-drafts\ch03-what-is-data\terms\ch03-terms-2026-06-03.md,ch03-terms-2026-06-03.md,2026-06-03,165eae96763a75ebbb6ca8e6d5e62559363ff99917de7f33e55cffc84ca35b16,files/source/chapters/ch03-what-is-data/terms-treasury.md,2026-06-10T14:15:07-04:00,imported,
what-is-data,terms-treasury,,"ch03-terms.md",,,,,2026-06-10T14:15:07-04:00,skipped-noncanonical,no-pattern-match
what-is-data,terms-treasury,,"ch03-TermTreasury-2026-03-19.md",,,,,2026-06-10T14:15:07-04:00,skipped-noncanonical,excluded-pattern
what-is-data,terms-treasury,,"ch03-TermTreasury-221.md",,,,,2026-06-10T14:15:07-04:00,skipped-noncanonical,excluded-pattern
what-is-data,rat,G:\My Drive\0-Projects\!-important\BITM330-book-drive\BITM330-Book-draft\chapter-drafts\ch03-what-is-data\rat\ch03-rat-2026-06-03.md,ch03-rat-2026-06-03.md,2026-06-03,3ce850f7f81fefd213e14131597a2fbe5c0b29c17b02e6fc4517df66b24f47f8,files/source/chapters/ch03-what-is-data/rat.md,2026-06-10T14:15:07-04:00,imported,
what-is-data,rat,,"ch03-rat.md",,,,,2026-06-10T14:15:07-04:00,skipped-noncanonical,no-pattern-match
what-is-data,rat,,"ch03-rat-from2.md",,,,,2026-06-10T14:15:07-04:00,skipped-noncanonical,no-pattern-match
databases,core-concepts,G:\My Drive\0-Projects\!-important\BITM330-book-drive\BITM330-Book-draft\chapter-drafts\ch04-databases\main\ch04-main-2026-06-04.md,ch04-main-2026-06-04.md,2026-06-04,3b6111de51334b625e2f05ad16a2c94c63fa309eee5e022f086358321a7d1e51,files/source/chapters/ch04-databases/core-concepts.md,2026-06-10T14:15:07-04:00,imported,
databases,core-concepts,,"ch04-databases-concepts.md",,,,,2026-06-10T14:15:07-04:00,skipped-noncanonical,excluded-pattern
databases,core-concepts,,"ch04-databases-concepts-edited.md",,,,,2026-06-10T14:15:07-04:00,skipped-noncanonical,excluded-pattern
databases,core-concepts,,"ch04-edit-2-17.md",,,,,2026-06-10T14:15:07-04:00,skipped-noncanonical,excluded-pattern
databases,core-concepts,,"ch04-edited-2026-03-08.md",,,,,2026-06-10T14:15:07-04:00,skipped-noncanonical,excluded-pattern
databases,core-concepts,,"ch04-main-2026-05-23-older.md",,,,,2026-06-10T14:15:07-04:00,skipped-noncanonical,no-pattern-match
databases,core-concepts,,"ch04-rewrite-222.md",,,,,2026-06-10T14:15:07-04:00,skipped-noncanonical,excluded-pattern
databases,core-concepts,,"ch04-rewrite-claude-222.md",,,,,2026-06-10T14:15:07-04:00,skipped-noncanonical,excluded-pattern
databases,core-concepts,,"ch04-study-cards.md",,,,,2026-06-10T14:15:07-04:00,skipped-noncanonical,no-pattern-match
databases,core-concepts,,"databases-structure.md",,,,,2026-06-10T14:15:07-04:00,skipped-noncanonical,no-pattern-match
databases,lets-build,G:\My Drive\0-Projects\!-important\BITM330-book-drive\BITM330-Book-draft\chapter-drafts\ch04-databases\lets-build\ch04-lets-build-2026-06-02.md,ch04-lets-build-2026-06-02.md,2026-06-02,1526365e4b1c3ba5b425194f04d20312e8d7d214a0f477bf8c233b02ba04521b,files/source/chapters/ch04-databases/lets-build.md,2026-06-10T14:15:07-04:00,imported,
databases,lets-build,,"ch04-lets-build.md",,,,,2026-06-10T14:15:07-04:00,skipped-noncanonical,no-pattern-match
databases,review-questions,G:\My Drive\0-Projects\!-important\BITM330-book-drive\BITM330-Book-draft\chapter-drafts\ch04-databases\reflection\ch04-reflection-2026-06-04.md,ch04-reflection-2026-06-04.md,2026-06-04,55d341e2d259a278b86cfbda49057c9fbb444876c0a4f0373d3fcd831831ce23,files/source/chapters/ch04-databases/review-questions.md,2026-06-10T14:15:07-04:00,imported,
databases,review-questions,,"ch04-reflection.md",,,,,2026-06-10T14:15:07-04:00,skipped-noncanonical,no-pattern-match
databases,terms-treasury,G:\My Drive\0-Projects\!-important\BITM330-book-drive\BITM330-Book-draft\chapter-drafts\ch04-databases\terms\ch04-terms-2026-06-04.md,ch04-terms-2026-06-04.md,2026-06-04,56ea6ff5b9da608dc4488595f2baa6b08e4bc14bf64faa76c12f991a5fd697f9,files/source/chapters/ch04-databases/terms-treasury.md,2026-06-10T14:15:07-04:00,imported,
databases,terms-treasury,,"ch04-terms.md",,,,,2026-06-10T14:15:07-04:00,skipped-noncanonical,no-pattern-match
databases,terms-treasury,,"ch04-TermTreasury-2026-03-08.md",,,,,2026-06-10T14:15:07-04:00,skipped-noncanonical,excluded-pattern
databases,terms-treasury,,"ch04-TermTreasury-221.md",,,,,2026-06-10T14:15:07-04:00,skipped-noncanonical,excluded-pattern
databases,rat,G:\My Drive\0-Projects\!-important\BITM330-book-drive\BITM330-Book-draft\chapter-drafts\ch04-databases\rat\ch04-rat-2026-06-04.md,ch04-rat-2026-06-04.md,2026-06-04,4912efc93a697c378f4b5b3de1fb5f440297caad271dc8191ac3619846f49ca6,files/source/chapters/ch04-databases/rat.md,2026-06-10T14:15:07-04:00,imported,
databases,rat,,"ch04-rat.md",,,,,2026-06-10T14:15:07-04:00,skipped-noncanonical,no-pattern-match
sql,core-concepts,G:\My Drive\0-Projects\!-important\BITM330-book-drive\BITM330-Book-draft\chapter-drafts\ch05-sql\main\ch05-main-2026-06-03.md,ch05-main-2026-06-03.md,2026-06-03,9df7709788f3aecc360ccb46512da65cb50987d7bbf7ce3b84ca84ebf69d987e,files/source/chapters/ch05-sql/core-concepts.md,2026-06-10T14:15:07-04:00,imported,
sql,core-concepts,,"ch05-edit-2-17.md",,,,,2026-06-10T14:15:07-04:00,skipped-noncanonical,excluded-pattern
sql,core-concepts,,"ch05-edited-2026-03-07.md",,,,,2026-06-10T14:15:07-04:00,skipped-noncanonical,excluded-pattern
sql,core-concepts,,"ch05-main-edited-2026-05-18.md",,,,,2026-06-10T14:15:07-04:00,skipped-noncanonical,excluded-pattern
sql,core-concepts,,"ch05-rewrite-222.md",,,,,2026-06-10T14:15:07-04:00,skipped-noncanonical,excluded-pattern
sql,core-concepts,,"ch05-rewrite-claude-222.md",,,,,2026-06-10T14:15:07-04:00,skipped-noncanonical,excluded-pattern
sql,lets-build,G:\My Drive\0-Projects\!-important\BITM330-book-drive\BITM330-Book-draft\chapter-drafts\ch05-sql\lets-build\ch05-lets-build-2026-06-03.md,ch05-lets-build-2026-06-03.md,2026-06-03,3ed48088822e22aa1824e436f38936f484fd141ce909ae813b9dd7d3e999b1f7,files/source/chapters/ch05-sql/lets-build.md,2026-06-10T14:15:07-04:00,imported,
sql,lets-build,,"ch05-lets-build.md",,,,,2026-06-10T14:15:07-04:00,skipped-noncanonical,no-pattern-match
sql,review-questions,G:\My Drive\0-Projects\!-important\BITM330-book-drive\BITM330-Book-draft\chapter-drafts\ch05-sql\reflection\ch05-reflection-2026-05-27.md,ch05-reflection-2026-05-27.md,2026-05-27,dc0887f32099b1ecba0fdd13863bc1b31e8e3bbb135a8b53a1b37a302fd15988,files/source/chapters/ch05-sql/review-questions.md,2026-06-10T14:15:07-04:00,imported,
sql,review-questions,,"ch05-reflection.md",,,,,2026-06-10T14:15:07-04:00,skipped-noncanonical,no-pattern-match
sql,terms-treasury,G:\My Drive\0-Projects\!-important\BITM330-book-drive\BITM330-Book-draft\chapter-drafts\ch05-sql\terms\ch05-terms-2026-06-02.md,ch05-terms-2026-06-02.md,2026-06-02,ecdad753f5ef820924962710157c5279153954d43609b6da22fd4188adc0f6c3,files/source/chapters/ch05-sql/terms-treasury.md,2026-06-10T14:15:07-04:00,imported,
sql,terms-treasury,,"ch05-terms.md",,,,,2026-06-10T14:15:07-04:00,skipped-noncanonical,no-pattern-match
sql,terms-treasury,,"ch05-TermTreasury-221.md",,,,,2026-06-10T14:15:07-04:00,skipped-noncanonical,excluded-pattern
sql,rat,G:\My Drive\0-Projects\!-important\BITM330-book-drive\BITM330-Book-draft\chapter-drafts\ch05-sql\rat\ch05-rat-2026-05-19.md,ch05-rat-2026-05-19.md,2026-05-19,943f23092b6d840e8d7e01e96095db3abdbc3b1571be02606e08f58dcafe3fb6,files/source/chapters/ch05-sql/rat.md,2026-06-10T14:15:07-04:00,imported,
sql,rat,,"ch05-rat.md",,,,,2026-06-10T14:15:07-04:00,skipped-noncanonical,no-pattern-match
relational-model,core-concepts,G:\My Drive\0-Projects\!-important\BITM330-book-drive\BITM330-Book-draft\chapter-drafts\ch06-relational-model\main\ch06-main-2026-05-29.md,ch06-main-2026-05-29.md,2026-05-29,c1e9e0a8762c2cf8e5b925cc14b25a0a40bfff16dc9513dc5e5342081f984fde,files/source/chapters/ch06-relational-model/core-concepts.md,2026-06-10T14:15:07-04:00,imported,
relational-model,core-concepts,,"ch06-edit-2-17.md",,,,,2026-06-10T14:15:07-04:00,skipped-noncanonical,excluded-pattern
relational-model,core-concepts,,"ch06-edited-2026-03-07.md",,,,,2026-06-10T14:15:07-04:00,skipped-noncanonical,excluded-pattern
relational-model,core-concepts,,"ch06-main-edited-2026-05-18.md",,,,,2026-06-10T14:15:07-04:00,skipped-noncanonical,excluded-pattern
relational-model,core-concepts,,"ch06-relational-model-concepts.md",,,,,2026-06-10T14:15:07-04:00,skipped-noncanonical,excluded-pattern
relational-model,core-concepts,,"ch06-rewrite-222.md",,,,,2026-06-10T14:15:07-04:00,skipped-noncanonical,excluded-pattern
relational-model,core-concepts,,"ch06-rewrite-claude-222.md",,,,,2026-06-10T14:15:07-04:00,skipped-noncanonical,excluded-pattern
relational-model,core-concepts,,"relational-model-concepts-edited.md",,,,,2026-06-10T14:15:07-04:00,skipped-noncanonical,excluded-pattern
relational-model,core-concepts,,"relational-model-outline.md",,,,,2026-06-10T14:15:07-04:00,skipped-noncanonical,excluded-pattern
relational-model,lets-build,G:\My Drive\0-Projects\!-important\BITM330-book-drive\BITM330-Book-draft\chapter-drafts\ch06-relational-model\lets-build\ch06-lets-build-2026-05-24.md,ch06-lets-build-2026-05-24.md,2026-05-24,079dfa928d6cca190a2692ae694974435c7fbafc4462fa6e022bf68de0c3a164,files/source/chapters/ch06-relational-model/lets-build.md,2026-06-10T14:15:07-04:00,imported,
relational-model,lets-build,,"ch06-lets-build.md",,,,,2026-06-10T14:15:07-04:00,skipped-noncanonical,no-pattern-match
relational-model,review-questions,G:\My Drive\0-Projects\!-important\BITM330-book-drive\BITM330-Book-draft\chapter-drafts\ch06-relational-model\reflection\ch06-reflection-2026-03-22.md,ch06-reflection-2026-03-22.md,2026-03-22,b3825768b491ba7861a00c7e40f514a29c6b65d39d65cc1869a12dd9620b95f7,files/source/chapters/ch06-relational-model/review-questions.md,2026-06-10T14:15:07-04:00,imported,
relational-model,review-questions,,"ch06-reflection.md",,,,,2026-06-10T14:15:07-04:00,skipped-noncanonical,no-pattern-match
relational-model,terms-treasury,G:\My Drive\0-Projects\!-important\BITM330-book-drive\BITM330-Book-draft\chapter-drafts\ch06-relational-model\terms\ch06-terms-2026-03-22.md,ch06-terms-2026-03-22.md,2026-03-22,00726a5a7d40fc78990db77b131145e3e90bbea7e6eeede286934f3a9ae61543,files/source/chapters/ch06-relational-model/terms-treasury.md,2026-06-10T14:15:07-04:00,imported,
relational-model,terms-treasury,,"ch06-terms.md",,,,,2026-06-10T14:15:07-04:00,skipped-noncanonical,no-pattern-match
relational-model,terms-treasury,,"ch06-TermTreasury-221.md",,,,,2026-06-10T14:15:07-04:00,skipped-noncanonical,excluded-pattern
relational-model,rat,G:\My Drive\0-Projects\!-important\BITM330-book-drive\BITM330-Book-draft\chapter-drafts\ch06-relational-model\rat\ch06-rat-2026-05-19.md,ch06-rat-2026-05-19.md,2026-05-19,8e59a811870e6f131ecb2c200d7d216226ca48e2b5acd9f1b908db42e6aed717,files/source/chapters/ch06-relational-model/rat.md,2026-06-10T14:15:07-04:00,imported,
relational-model,rat,,"ch06-rat.md",,,,,2026-06-10T14:15:07-04:00,skipped-noncanonical,no-pattern-match
normalization,core-concepts,G:\My Drive\0-Projects\!-important\BITM330-book-drive\BITM330-Book-draft\chapter-drafts\ch07-normalization\main\ch07-main-2026-05-30.md,ch07-main-2026-05-30.md,2026-05-30,3031c18bef4e6bf40bb1aa8d77def976c568e6d8697d3db09c11e286a563120d,files/source/chapters/ch07-normalization/core-concepts.md,2026-06-10T14:15:07-04:00,imported,
normalization,core-concepts,,"ch07-edit-2-17.md",,,,,2026-06-10T14:15:07-04:00,skipped-noncanonical,excluded-pattern
normalization,core-concepts,,"ch07-edited-2026-03-07.md",,,,,2026-06-10T14:15:07-04:00,skipped-noncanonical,excluded-pattern
normalization,core-concepts,,"ch07-main-edited-2026-05-18.md",,,,,2026-06-10T14:15:07-04:00,skipped-noncanonical,excluded-pattern
normalization,core-concepts,,"ch07-normalization-concepts.md",,,,,2026-06-10T14:15:07-04:00,skipped-noncanonical,excluded-pattern
normalization,core-concepts,,"ch07-rewrite-222.md",,,,,2026-06-10T14:15:07-04:00,skipped-noncanonical,excluded-pattern
normalization,core-concepts,,"ch07-rewrite-claude-222.md",,,,,2026-06-10T14:15:07-04:00,skipped-noncanonical,excluded-pattern
normalization,lets-build,G:\My Drive\0-Projects\!-important\BITM330-book-drive\BITM330-Book-draft\chapter-drafts\ch07-normalization\lets-build\ch07-lets-build-2026-05-26.md,ch07-lets-build-2026-05-26.md,2026-05-26,258a44286e91fc456733f7cc58469df3f4a5884baea1e5ccb3acdc75097a5b85,files/source/chapters/ch07-normalization/lets-build.md,2026-06-10T14:15:07-04:00,imported,
normalization,review-questions,G:\My Drive\0-Projects\!-important\BITM330-book-drive\BITM330-Book-draft\chapter-drafts\ch07-normalization\reflection\ch07-reflection-2026-05-26.md,ch07-reflection-2026-05-26.md,2026-05-26,16d9dd1c4762af0a7723aa6ca18d0f9f64b29af4a3cb2701518d76282a40a8df,files/source/chapters/ch07-normalization/review-questions.md,2026-06-10T14:15:07-04:00,imported,
normalization,review-questions,,"ch07-reflection.md",,,,,2026-06-10T14:15:07-04:00,skipped-noncanonical,no-pattern-match
normalization,terms-treasury,G:\My Drive\0-Projects\!-important\BITM330-book-drive\BITM330-Book-draft\chapter-drafts\ch07-normalization\terms\ch07-terms-2026-05-05.md,ch07-terms-2026-05-05.md,2026-05-05,56544b5f5c0b7c215e58316999728b758bf3a885c71fa189eac11a48d17d2982,files/source/chapters/ch07-normalization/terms-treasury.md,2026-06-10T14:15:07-04:00,imported,
normalization,terms-treasury,,"ch07-terms.md",,,,,2026-06-10T14:15:07-04:00,skipped-noncanonical,no-pattern-match
normalization,terms-treasury,,"ch07-TermTreasury-221.md",,,,,2026-06-10T14:15:07-04:00,skipped-noncanonical,excluded-pattern
normalization,rat,G:\My Drive\0-Projects\!-important\BITM330-book-drive\BITM330-Book-draft\chapter-drafts\ch07-normalization\rat\ch07-rat-2026-05-19.md,ch07-rat-2026-05-19.md,2026-05-19,aa44f028e6b157223683239006c088fe5fad93dfb8a357d177f52ec8cd3ae954,files/source/chapters/ch07-normalization/rat.md,2026-06-10T14:15:07-04:00,imported,
midterm-review,core-concepts,G:\My Drive\0-Projects\!-important\BITM330-book-drive\BITM330-Book-draft\chapter-drafts\ch08-midterm-review\main\ch08-main-2026-05-18.md,ch08-main-2026-05-18.md,2026-05-18,966d1c189ff19bf24e3caa950e559ef642dfc0428803267753425d17b1945f1f,files/source/chapters/ch08-midterm-review/core-concepts.md,2026-06-10T14:15:07-04:00,imported,
midterm-review,lets-build,G:\My Drive\0-Projects\!-important\BITM330-book-drive\BITM330-Book-draft\chapter-drafts\ch08-midterm-review\lets-build\ch08-lets-build-2026-05-19.md,ch08-lets-build-2026-05-19.md,2026-05-19,306f4a8ace1f50e2eb64e31188518d320712fa30b2eafb15950af6cb129dcb8e,files/source/chapters/ch08-midterm-review/lets-build.md,2026-06-10T14:15:07-04:00,imported,
midterm-review,review-questions,G:\My Drive\0-Projects\!-important\BITM330-book-drive\BITM330-Book-draft\chapter-drafts\ch08-midterm-review\reflection,,,,,2026-06-10T14:15:07-04:00,missing-source,no canonical file matched pattern
midterm-review,terms-treasury,G:\My Drive\0-Projects\!-important\BITM330-book-drive\BITM330-Book-draft\chapter-drafts\ch08-midterm-review\terms,,,,,2026-06-10T14:15:07-04:00,missing-source,no canonical file matched pattern
midterm-review,rat,G:\My Drive\0-Projects\!-important\BITM330-book-drive\BITM330-Book-draft\chapter-drafts\ch08-midterm-review\rat,,,,,2026-06-10T14:15:07-04:00,missing-source,no canonical file matched pattern
database-design,core-concepts,G:\My Drive\0-Projects\!-important\BITM330-book-drive\BITM330-Book-draft\chapter-drafts\ch09-database-design\main\ch09-main-2026-05-06.md,ch09-main-2026-05-06.md,2026-05-06,e9bb4c9784199b443ea2e9822bf82b2377bb615340152598b562cc05b25cbb0e,files/source/chapters/ch09-database-design/core-concepts.md,2026-06-10T14:15:07-04:00,imported,
database-design,core-concepts,,"ch09-database-design-concepts.md",,,,,2026-06-10T14:15:07-04:00,skipped-noncanonical,excluded-pattern
database-design,core-concepts,,"ch09-edit-2-17.md",,,,,2026-06-10T14:15:07-04:00,skipped-noncanonical,excluded-pattern
database-design,core-concepts,,"ch09-edited-2026-03-08.md",,,,,2026-06-10T14:15:07-04:00,skipped-noncanonical,excluded-pattern
database-design,core-concepts,,"ch09-main-rewritten-2026-05-18.md",,,,,2026-06-10T14:15:07-04:00,skipped-noncanonical,excluded-pattern
database-design,core-concepts,,"ch09-rewrite-222.md",,,,,2026-06-10T14:15:07-04:00,skipped-noncanonical,excluded-pattern
database-design,core-concepts,,"development-design-draft.md",,,,,2026-06-10T14:15:07-04:00,skipped-noncanonical,excluded-pattern
database-design,core-concepts,,"development-design-edited.md",,,,,2026-06-10T14:15:07-04:00,skipped-noncanonical,excluded-pattern
database-design,core-concepts,,"development-design-outline.md",,,,,2026-06-10T14:15:07-04:00,skipped-noncanonical,excluded-pattern
database-design,lets-build,G:\My Drive\0-Projects\!-important\BITM330-book-drive\BITM330-Book-draft\chapter-drafts\ch09-database-design\lets-build\ch09-lets-build-2026-03-08.md,ch09-lets-build-2026-03-08.md,2026-03-08,05c2834affc5776a0c29883bd477fa662315351368925bb4ae0f2cf66474bf05,files/source/chapters/ch09-database-design/lets-build.md,2026-06-10T14:15:07-04:00,imported,
database-design,lets-build,,"ch09-lets-build.md",,,,,2026-06-10T14:15:07-04:00,skipped-noncanonical,no-pattern-match
database-design,review-questions,G:\My Drive\0-Projects\!-important\BITM330-book-drive\BITM330-Book-draft\chapter-drafts\ch09-database-design\reflection\ch09-reflection-2026-03-08.md,ch09-reflection-2026-03-08.md,2026-03-08,aac4baeab9d6d3f2323a8a16eaffcd4a962d2bc18e438977628e10c8730730d1,files/source/chapters/ch09-database-design/review-questions.md,2026-06-10T14:15:07-04:00,imported,
database-design,review-questions,,"ch09-discussion.md",,,,,2026-06-10T14:15:07-04:00,skipped-noncanonical,no-pattern-match
database-design,review-questions,,"ch09-reflection.md",,,,,2026-06-10T14:15:07-04:00,skipped-noncanonical,no-pattern-match
database-design,review-questions,,"ch09-review.md",,,,,2026-06-10T14:15:07-04:00,skipped-noncanonical,no-pattern-match
database-design,terms-treasury,G:\My Drive\0-Projects\!-important\BITM330-book-drive\BITM330-Book-draft\chapter-drafts\ch09-database-design\terms,,,,,2026-06-10T14:15:07-04:00,missing-source,no canonical file matched pattern
database-design,terms-treasury,,"ch09-terms.md",,,,,2026-06-10T14:15:07-04:00,skipped-noncanonical,no-pattern-match
database-design,terms-treasury,,"ch09-TermTreasury-2026-03-08.md",,,,,2026-06-10T14:15:07-04:00,skipped-noncanonical,excluded-pattern
database-design,terms-treasury,,"ch09-TermTreasury-221.md",,,,,2026-06-10T14:15:07-04:00,skipped-noncanonical,excluded-pattern
database-design,rat,G:\My Drive\0-Projects\!-important\BITM330-book-drive\BITM330-Book-draft\chapter-drafts\ch09-database-design\rat\ch09-rat-2026-03-10.md,ch09-rat-2026-03-10.md,2026-03-10,eb413558018aba4e2c2d99ac363081ff01ec57cf57d3daa34cffcb810e34159a,files/source/chapters/ch09-database-design/rat.md,2026-06-10T14:15:07-04:00,imported,
database-design,rat,,"ch09-rat.md",,,,,2026-06-10T14:15:07-04:00,skipped-noncanonical,no-pattern-match
advanced-sql-queries,core-concepts,G:\My Drive\0-Projects\!-important\BITM330-book-drive\BITM330-Book-draft\chapter-drafts\ch10-advanced-sql-queries\main,,,,,2026-06-10T14:15:07-04:00,missing-source,no canonical file matched pattern
advanced-sql-queries,core-concepts,,"advanced-sql-draft.md",,,,,2026-06-10T14:15:07-04:00,skipped-noncanonical,excluded-pattern
advanced-sql-queries,core-concepts,,"ch10-advanced-sql-queries-concepts.md",,,,,2026-06-10T14:15:07-04:00,skipped-noncanonical,excluded-pattern
advanced-sql-queries,core-concepts,,"ch10-edit-2-17.md",,,,,2026-06-10T14:15:07-04:00,skipped-noncanonical,excluded-pattern
advanced-sql-queries,core-concepts,,"ch10-edited-2026-03-08.md",,,,,2026-06-10T14:15:07-04:00,skipped-noncanonical,excluded-pattern
advanced-sql-queries,core-concepts,,"ch10-main-rewritten-2026-05-18.md",,,,,2026-06-10T14:15:07-04:00,skipped-noncanonical,excluded-pattern
advanced-sql-queries,core-concepts,,"ch10-rewrite-222.md",,,,,2026-06-10T14:15:07-04:00,skipped-noncanonical,excluded-pattern
advanced-sql-queries,lets-build,G:\My Drive\0-Projects\!-important\BITM330-book-drive\BITM330-Book-draft\chapter-drafts\ch10-advanced-sql-queries\lets-build,,,,,2026-06-10T14:15:07-04:00,missing-source,no canonical file matched pattern
advanced-sql-queries,lets-build,,"ch10-lets-build.md",,,,,2026-06-10T14:15:07-04:00,skipped-noncanonical,no-pattern-match
advanced-sql-queries,review-questions,G:\My Drive\0-Projects\!-important\BITM330-book-drive\BITM330-Book-draft\chapter-drafts\ch10-advanced-sql-queries\reflection,,,,,2026-06-10T14:15:07-04:00,missing-source,no canonical file matched pattern
advanced-sql-queries,review-questions,,"ch10-discussion.md",,,,,2026-06-10T14:15:07-04:00,skipped-noncanonical,no-pattern-match
advanced-sql-queries,review-questions,,"ch10-reflection.md",,,,,2026-06-10T14:15:07-04:00,skipped-noncanonical,no-pattern-match
advanced-sql-queries,review-questions,,"ch10-review.md",,,,,2026-06-10T14:15:07-04:00,skipped-noncanonical,no-pattern-match
advanced-sql-queries,terms-treasury,G:\My Drive\0-Projects\!-important\BITM330-book-drive\BITM330-Book-draft\chapter-drafts\ch10-advanced-sql-queries\terms,,,,,2026-06-10T14:15:07-04:00,missing-source,no canonical file matched pattern
advanced-sql-queries,terms-treasury,,"ch10-terms.md",,,,,2026-06-10T14:15:07-04:00,skipped-noncanonical,no-pattern-match
advanced-sql-queries,terms-treasury,,"ch10-TermTreasury-221.md",,,,,2026-06-10T14:15:07-04:00,skipped-noncanonical,excluded-pattern
advanced-sql-queries,rat,G:\My Drive\0-Projects\!-important\BITM330-book-drive\BITM330-Book-draft\chapter-drafts\ch10-advanced-sql-queries\rat,,,,,2026-06-10T14:15:07-04:00,missing-source,no canonical file matched pattern
advanced-sql-queries,rat,,"ch10-rat.md",,,,,2026-06-10T14:15:07-04:00,skipped-noncanonical,no-pattern-match
database-administration,core-concepts,G:\My Drive\0-Projects\!-important\BITM330-book-drive\BITM330-Book-draft\chapter-drafts\ch11-database-administration\main\ch11-main-2026-05-05.md,ch11-main-2026-05-05.md,2026-05-05,d24733d6485dc684788a87b843dd0a94d249417a95afff5734f082d12551504a,files/source/chapters/ch11-database-administration/core-concepts.md,2026-06-10T14:15:07-04:00,imported,
database-administration,core-concepts,,"ch11-database-administration-concepts.md",,,,,2026-06-10T14:15:07-04:00,skipped-noncanonical,excluded-pattern
database-administration,core-concepts,,"ch11-edit-2-17.md",,,,,2026-06-10T14:15:07-04:00,skipped-noncanonical,excluded-pattern
database-administration,core-concepts,,"ch11-main-rewritten-2026-05-18.md",,,,,2026-06-10T14:15:07-04:00,skipped-noncanonical,excluded-pattern
database-administration,core-concepts,,"ch11-rewrite-222.md",,,,,2026-06-10T14:15:07-04:00,skipped-noncanonical,excluded-pattern
database-administration,core-concepts,,"dba-draft.md",,,,,2026-06-10T14:15:07-04:00,skipped-noncanonical,excluded-pattern
database-administration,core-concepts,,"dba-draft1.md",,,,,2026-06-10T14:15:07-04:00,skipped-noncanonical,excluded-pattern
database-administration,core-concepts,,"dba-edited.md",,,,,2026-06-10T14:15:07-04:00,skipped-noncanonical,excluded-pattern
database-administration,core-concepts,,"dba-outline.md",,,,,2026-06-10T14:15:07-04:00,skipped-noncanonical,excluded-pattern
database-administration,lets-build,G:\My Drive\0-Projects\!-important\BITM330-book-drive\BITM330-Book-draft\chapter-drafts\ch11-database-administration\lets-build\ch11-lets-build-2026-05-19.md,ch11-lets-build-2026-05-19.md,2026-05-19,6e81ebb12d7623073931548e16086a069dca0ee989d6adb327846fbf3a4c035d,files/source/chapters/ch11-database-administration/lets-build.md,2026-06-10T14:15:07-04:00,imported,
database-administration,lets-build,,"ch11-lets-build.md",,,,,2026-06-10T14:15:07-04:00,skipped-noncanonical,no-pattern-match
database-administration,review-questions,G:\My Drive\0-Projects\!-important\BITM330-book-drive\BITM330-Book-draft\chapter-drafts\ch11-database-administration\reflection,,,,,2026-06-10T14:15:07-04:00,missing-source,no canonical file matched pattern
database-administration,review-questions,,"ch11-discussion.md",,,,,2026-06-10T14:15:07-04:00,skipped-noncanonical,no-pattern-match
database-administration,review-questions,,"ch11-reflection.md",,,,,2026-06-10T14:15:07-04:00,skipped-noncanonical,no-pattern-match
database-administration,review-questions,,"ch11-review.md",,,,,2026-06-10T14:15:07-04:00,skipped-noncanonical,no-pattern-match
database-administration,terms-treasury,G:\My Drive\0-Projects\!-important\BITM330-book-drive\BITM330-Book-draft\chapter-drafts\ch11-database-administration\terms,,,,,2026-06-10T14:15:07-04:00,missing-source,no canonical file matched pattern
database-administration,terms-treasury,,"ch11-terms.md",,,,,2026-06-10T14:15:07-04:00,skipped-noncanonical,no-pattern-match
database-administration,terms-treasury,,"ch11-TermTreasury-221.md",,,,,2026-06-10T14:15:07-04:00,skipped-noncanonical,excluded-pattern
database-administration,rat,G:\My Drive\0-Projects\!-important\BITM330-book-drive\BITM330-Book-draft\chapter-drafts\ch11-database-administration\rat,,,,,2026-06-10T14:15:07-04:00,missing-source,no canonical file matched pattern
database-administration,rat,,"ch11-rat.md",,,,,2026-06-10T14:15:07-04:00,skipped-noncanonical,no-pattern-match
business-intelligence,core-concepts,G:\My Drive\0-Projects\!-important\BITM330-book-drive\BITM330-Book-draft\chapter-drafts\ch12-business-intelligence\main\ch12-main-2026-05-06.md,ch12-main-2026-05-06.md,2026-05-06,056c453095248deb4fbf8f00cfff2d507c2af7c505763cf8477f1960f6e1a295,files/source/chapters/ch12-business-intelligence/core-concepts.md,2026-06-10T14:15:07-04:00,imported,
business-intelligence,core-concepts,,"BI-draft.md",,,,,2026-06-10T14:15:07-04:00,skipped-noncanonical,excluded-pattern
business-intelligence,core-concepts,,"BI-edited-2-9-26.md",,,,,2026-06-10T14:15:07-04:00,skipped-noncanonical,excluded-pattern
business-intelligence,core-concepts,,"BI-outline.md",,,,,2026-06-10T14:15:07-04:00,skipped-noncanonical,excluded-pattern
business-intelligence,core-concepts,,"ch12-business-intelligence-concepts.md",,,,,2026-06-10T14:15:07-04:00,skipped-noncanonical,excluded-pattern
business-intelligence,core-concepts,,"ch12-edit-2-17.md",,,,,2026-06-10T14:15:07-04:00,skipped-noncanonical,excluded-pattern
business-intelligence,core-concepts,,"ch12-main-rewritten-2026-05-18.md",,,,,2026-06-10T14:15:07-04:00,skipped-noncanonical,excluded-pattern
business-intelligence,core-concepts,,"ch12-rewrite-222.md",,,,,2026-06-10T14:15:07-04:00,skipped-noncanonical,excluded-pattern
business-intelligence,lets-build,G:\My Drive\0-Projects\!-important\BITM330-book-drive\BITM330-Book-draft\chapter-drafts\ch12-business-intelligence\lets-build\ch12-lets-build-2026-05-19.md,ch12-lets-build-2026-05-19.md,2026-05-19,92d2b68ed846d4893e73d94ea80efcea1f900f887e06108ccc20d593f8773780,files/source/chapters/ch12-business-intelligence/lets-build.md,2026-06-10T14:15:07-04:00,imported,
business-intelligence,lets-build,,"ch12-lets-build.md",,,,,2026-06-10T14:15:07-04:00,skipped-noncanonical,no-pattern-match
business-intelligence,review-questions,G:\My Drive\0-Projects\!-important\BITM330-book-drive\BITM330-Book-draft\chapter-drafts\ch12-business-intelligence\reflection,,,,,2026-06-10T14:15:07-04:00,missing-source,no canonical file matched pattern
business-intelligence,review-questions,,"ch12-discussion.md",,,,,2026-06-10T14:15:07-04:00,skipped-noncanonical,no-pattern-match
business-intelligence,review-questions,,"ch12-reflection.md",,,,,2026-06-10T14:15:07-04:00,skipped-noncanonical,no-pattern-match
business-intelligence,review-questions,,"ch12-review.md",,,,,2026-06-10T14:15:07-04:00,skipped-noncanonical,no-pattern-match
business-intelligence,terms-treasury,G:\My Drive\0-Projects\!-important\BITM330-book-drive\BITM330-Book-draft\chapter-drafts\ch12-business-intelligence\terms,,,,,2026-06-10T14:15:07-04:00,missing-source,no canonical file matched pattern
business-intelligence,terms-treasury,,"ch12-terms.md",,,,,2026-06-10T14:15:07-04:00,skipped-noncanonical,no-pattern-match
business-intelligence,terms-treasury,,"ch12-TermTreasury-221.md",,,,,2026-06-10T14:15:07-04:00,skipped-noncanonical,excluded-pattern
business-intelligence,rat,G:\My Drive\0-Projects\!-important\BITM330-book-drive\BITM330-Book-draft\chapter-drafts\ch12-business-intelligence\rat,,,,,2026-06-10T14:15:07-04:00,missing-source,no canonical file matched pattern
business-intelligence,rat,,"ch12-rat.md",,,,,2026-06-10T14:15:07-04:00,skipped-noncanonical,no-pattern-match
advanced-database-techniques,core-concepts,G:\My Drive\0-Projects\!-important\BITM330-book-drive\BITM330-Book-draft\chapter-drafts\ch13-advanced-database-techniques\main,,,,,2026-06-10T14:15:07-04:00,missing-source,no canonical file matched pattern
advanced-database-techniques,core-concepts,,"advanced-techniques-draft.md",,,,,2026-06-10T14:15:07-04:00,skipped-noncanonical,excluded-pattern
advanced-database-techniques,core-concepts,,"advanced-techniques-edited-2-9-26.md",,,,,2026-06-10T14:15:07-04:00,skipped-noncanonical,excluded-pattern
advanced-database-techniques,core-concepts,,"advanced-techniques-outline.md",,,,,2026-06-10T14:15:07-04:00,skipped-noncanonical,excluded-pattern
advanced-database-techniques,core-concepts,,"ch13-advanced-database-techniques-concepts.md",,,,,2026-06-10T14:15:07-04:00,skipped-noncanonical,excluded-pattern
advanced-database-techniques,core-concepts,,"ch13-edit-2-17.md",,,,,2026-06-10T14:15:07-04:00,skipped-noncanonical,excluded-pattern
advanced-database-techniques,core-concepts,,"ch13-main-rewritten-2026-05-18.md",,,,,2026-06-10T14:15:07-04:00,skipped-noncanonical,excluded-pattern
advanced-database-techniques,core-concepts,,"ch13-rewrite-222.md",,,,,2026-06-10T14:15:07-04:00,skipped-noncanonical,excluded-pattern
advanced-database-techniques,lets-build,G:\My Drive\0-Projects\!-important\BITM330-book-drive\BITM330-Book-draft\chapter-drafts\ch13-advanced-database-techniques\lets-build\ch13-lets-build-2026-05-19.md,ch13-lets-build-2026-05-19.md,2026-05-19,a15cff17b0265b6da5dfd1ed4c6c4dbda4aecc0bc92bee331cec1abce0222521,files/source/chapters/ch13-advanced-database-techniques/lets-build.md,2026-06-10T14:15:07-04:00,imported,
advanced-database-techniques,lets-build,,"ch13-lets-build.md",,,,,2026-06-10T14:15:07-04:00,skipped-noncanonical,no-pattern-match
advanced-database-techniques,review-questions,G:\My Drive\0-Projects\!-important\BITM330-book-drive\BITM330-Book-draft\chapter-drafts\ch13-advanced-database-techniques\reflection,,,,,2026-06-10T14:15:07-04:00,missing-source,no canonical file matched pattern
advanced-database-techniques,review-questions,,"ch13-discussion.md",,,,,2026-06-10T14:15:07-04:00,skipped-noncanonical,no-pattern-match
advanced-database-techniques,review-questions,,"ch13-reflection.md",,,,,2026-06-10T14:15:07-04:00,skipped-noncanonical,no-pattern-match
advanced-database-techniques,review-questions,,"ch13-review.md",,,,,2026-06-10T14:15:07-04:00,skipped-noncanonical,no-pattern-match
advanced-database-techniques,terms-treasury,G:\My Drive\0-Projects\!-important\BITM330-book-drive\BITM330-Book-draft\chapter-drafts\ch13-advanced-database-techniques\terms,,,,,2026-06-10T14:15:07-04:00,missing-source,no canonical file matched pattern
advanced-database-techniques,terms-treasury,,"ch13-terms.md",,,,,2026-06-10T14:15:07-04:00,skipped-noncanonical,no-pattern-match
advanced-database-techniques,terms-treasury,,"ch13-TermTreasury-221.md",,,,,2026-06-10T14:15:07-04:00,skipped-noncanonical,excluded-pattern
advanced-database-techniques,rat,G:\My Drive\0-Projects\!-important\BITM330-book-drive\BITM330-Book-draft\chapter-drafts\ch13-advanced-database-techniques\rat,,,,,2026-06-10T14:15:07-04:00,missing-source,no canonical file matched pattern
advanced-database-techniques,rat,,"ch13-rat.md",,,,,2026-06-10T14:15:07-04:00,skipped-noncanonical,no-pattern-match
power-bi,core-concepts,G:\My Drive\0-Projects\!-important\BITM330-book-drive\BITM330-Book-draft\chapter-drafts\ch14-powerbi\main\ch14-main-2026-05-06.md,ch14-main-2026-05-06.md,2026-05-06,90d732995b55e2752e40ca0f9b74a643947ab09015f65e7cbd152e1509c123aa,files/source/chapters/ch14-powerbi/core-concepts.md,2026-06-10T14:15:07-04:00,imported,
power-bi,core-concepts,,"ch14-main-powerbi-mslearn-06-09.md.md",,,,,2026-06-10T14:15:07-04:00,skipped-noncanonical,no-pattern-match
power-bi,core-concepts,,"ch14-main-rewritten-2026-05-18.md",,,,,2026-06-10T14:15:07-04:00,skipped-noncanonical,excluded-pattern
power-bi,lets-build,G:\My Drive\0-Projects\!-important\BITM330-book-drive\BITM330-Book-draft\chapter-drafts\ch14-powerbi\lets-build\ch14-lets-build-2026-05-06.md,ch14-lets-build-2026-05-06.md,2026-05-06,bee9efa484371c9f3a00675cd9652af1c5c367ef461180e481ef2784075578c1,files/source/chapters/ch14-powerbi/lets-build.md,2026-06-10T14:15:07-04:00,imported,
power-bi,review-questions,G:\My Drive\0-Projects\!-important\BITM330-book-drive\BITM330-Book-draft\chapter-drafts\ch14-powerbi\reflection\ch14-reflection-2026-05-06.md,ch14-reflection-2026-05-06.md,2026-05-06,817a724b1ec8ec5ec99608ab785eaa5777c12a975e266f3b95f428b5295eb23a,files/source/chapters/ch14-powerbi/review-questions.md,2026-06-10T14:15:07-04:00,imported,
power-bi,terms-treasury,G:\My Drive\0-Projects\!-important\BITM330-book-drive\BITM330-Book-draft\chapter-drafts\ch14-powerbi\terms\ch14-terms-2026-05-06.md,ch14-terms-2026-05-06.md,2026-05-06,ecb20863726d7f3fa22e65b5fedaaade8e361a11ba8cb19917869e284e79b2a2,files/source/chapters/ch14-powerbi/terms-treasury.md,2026-06-10T14:15:07-04:00,imported,
power-bi,rat,G:\My Drive\0-Projects\!-important\BITM330-book-drive\BITM330-Book-draft\chapter-drafts\ch14-powerbi\rat\ch14-rat-2026-05-06.md,ch14-rat-2026-05-06.md,2026-05-06,3be71af742ca13ea230296d27d5436527d348c78da2eabc687cf36868c04c770,files/source/chapters/ch14-powerbi/rat.md,2026-06-10T14:15:07-04:00,imported,
business-strategy-and-is,core-concepts,G:\My Drive\0-Projects\!-important\BITM330-book-drive\BITM330-Book-draft\chapter-drafts\ch15-business-strategy-is\main\ch15-main-2026-05-08.md,ch15-main-2026-05-08.md,2026-05-08,b9ea15baace9c3d7eb06d240f7cbed51699a23ca4dbc0c0a2115562e7fb9758a,files/source/chapters/ch15-business-strategy-is/core-concepts.md,2026-06-10T14:15:07-04:00,imported,
business-strategy-and-is,core-concepts,,"ch14-business-strategy-is-concepts.md",,,,,2026-06-10T14:15:07-04:00,skipped-noncanonical,excluded-pattern
business-strategy-and-is,core-concepts,,"ch14-edit-2-17.md",,,,,2026-06-10T14:15:07-04:00,skipped-noncanonical,excluded-pattern
business-strategy-and-is,core-concepts,,"ch14-edited-2026-03-08.md",,,,,2026-06-10T14:15:07-04:00,skipped-noncanonical,excluded-pattern
business-strategy-and-is,core-concepts,,"ch14-edited-2026-03-09.md",,,,,2026-06-10T14:15:07-04:00,skipped-noncanonical,excluded-pattern
business-strategy-and-is,core-concepts,,"ch14-outline.md",,,,,2026-06-10T14:15:07-04:00,skipped-noncanonical,excluded-pattern
business-strategy-and-is,core-concepts,,"ch14-outline-gpt.md",,,,,2026-06-10T14:15:07-04:00,skipped-noncanonical,excluded-pattern
business-strategy-and-is,core-concepts,,"ch14-rewrite-222.md",,,,,2026-06-10T14:15:07-04:00,skipped-noncanonical,excluded-pattern
business-strategy-and-is,core-concepts,,"ch15-main-rewritten-2026-05-18.md",,,,,2026-06-10T14:15:07-04:00,skipped-noncanonical,excluded-pattern
business-strategy-and-is,lets-build,G:\My Drive\0-Projects\!-important\BITM330-book-drive\BITM330-Book-draft\chapter-drafts\ch15-business-strategy-is\lets-build\ch15-lets-build-2026-05-08.md,ch15-lets-build-2026-05-08.md,2026-05-08,0a1514a457c526d0bf82418a94ea3782e7c509c05e1b3377aa88211535d90f77,files/source/chapters/ch15-business-strategy-is/lets-build.md,2026-06-10T14:15:07-04:00,imported,
business-strategy-and-is,lets-build,,"ch14-lets-build.md",,,,,2026-06-10T14:15:07-04:00,skipped-noncanonical,no-pattern-match
business-strategy-and-is,review-questions,G:\My Drive\0-Projects\!-important\BITM330-book-drive\BITM330-Book-draft\chapter-drafts\ch15-business-strategy-is\reflection\ch14-reflection-2026-03-08.md,ch14-reflection-2026-03-08.md,2026-03-08,bb869aa238da637e5c21356fe97d83974ad7ebba92f7ffa069d92e8a5acdcc8f,files/source/chapters/ch15-business-strategy-is/review-questions.md,2026-06-10T14:15:07-04:00,imported,
business-strategy-and-is,review-questions,,"ch14-discussion.md",,,,,2026-06-10T14:15:07-04:00,skipped-noncanonical,no-pattern-match
business-strategy-and-is,review-questions,,"ch14-reflection.md",,,,,2026-06-10T14:15:07-04:00,skipped-noncanonical,no-pattern-match
business-strategy-and-is,review-questions,,"ch14-review.md",,,,,2026-06-10T14:15:07-04:00,skipped-noncanonical,no-pattern-match
business-strategy-and-is,terms-treasury,G:\My Drive\0-Projects\!-important\BITM330-book-drive\BITM330-Book-draft\chapter-drafts\ch15-business-strategy-is\terms,,,,,2026-06-10T14:15:07-04:00,missing-source,no canonical file matched pattern
business-strategy-and-is,terms-treasury,,"ch14-terms.md",,,,,2026-06-10T14:15:07-04:00,skipped-noncanonical,no-pattern-match
business-strategy-and-is,terms-treasury,,"ch14-TermTreasury-2026-03-08.md",,,,,2026-06-10T14:15:07-04:00,skipped-noncanonical,excluded-pattern
business-strategy-and-is,terms-treasury,,"ch14-TermTreasury-221.md",,,,,2026-06-10T14:15:07-04:00,skipped-noncanonical,excluded-pattern
business-strategy-and-is,terms-treasury,,"ch14-term-tresury.md",,,,,2026-06-10T14:15:07-04:00,skipped-noncanonical,no-pattern-match
business-strategy-and-is,rat,G:\My Drive\0-Projects\!-important\BITM330-book-drive\BITM330-Book-draft\chapter-drafts\ch15-business-strategy-is\rat,,,,,2026-06-10T14:15:07-04:00,missing-source,no canonical file matched pattern
business-strategy-and-is,rat,,"ch14-rat.md",,,,,2026-06-10T14:15:07-04:00,skipped-noncanonical,no-pattern-match
final-review,core-concepts,G:\My Drive\0-Projects\!-important\BITM330-book-drive\BITM330-Book-draft\chapter-drafts\ch16-final-review\main,,,,,2026-06-10T14:15:07-04:00,missing-source,no canonical file matched pattern
final-review,core-concepts,,"ch15-edit-2-17.md",,,,,2026-06-10T14:15:07-04:00,skipped-noncanonical,excluded-pattern
final-review,core-concepts,,"ch15-final-review-concepts.md",,,,,2026-06-10T14:15:07-04:00,skipped-noncanonical,excluded-pattern
final-review,core-concepts,,"ch15-rewrite-222.md",,,,,2026-06-10T14:15:07-04:00,skipped-noncanonical,excluded-pattern
final-review,core-concepts,,"ch16-main-draft-2026-05-18.md",,,,,2026-06-10T14:15:07-04:00,skipped-noncanonical,excluded-pattern
final-review,core-concepts,,"final-outline.md",,,,,2026-06-10T14:15:07-04:00,skipped-noncanonical,excluded-pattern
final-review,core-concepts,,"final-review-draft.md",,,,,2026-06-10T14:15:07-04:00,skipped-noncanonical,excluded-pattern
final-review,lets-build,G:\My Drive\0-Projects\!-important\BITM330-book-drive\BITM330-Book-draft\chapter-drafts\ch16-final-review\lets-build\ch16-lets-build-2026-05-19.md,ch16-lets-build-2026-05-19.md,2026-05-19,0c79146988dc885d80f91381e4446184f936b31a3a92786fc982e9d98396398b,files/source/chapters/ch16-final-review/lets-build.md,2026-06-10T14:15:07-04:00,imported,
final-review,lets-build,,"ch15-lets-build.md",,,,,2026-06-10T14:15:07-04:00,skipped-noncanonical,no-pattern-match
final-review,review-questions,G:\My Drive\0-Projects\!-important\BITM330-book-drive\BITM330-Book-draft\chapter-drafts\ch16-final-review\reflection,,,,,2026-06-10T14:15:07-04:00,missing-source,no canonical file matched pattern
final-review,review-questions,,"ch15-discussion.md",,,,,2026-06-10T14:15:07-04:00,skipped-noncanonical,no-pattern-match
final-review,review-questions,,"ch15-reflection.md",,,,,2026-06-10T14:15:07-04:00,skipped-noncanonical,no-pattern-match
final-review,review-questions,,"ch15-review.md",,,,,2026-06-10T14:15:07-04:00,skipped-noncanonical,no-pattern-match
final-review,terms-treasury,G:\My Drive\0-Projects\!-important\BITM330-book-drive\BITM330-Book-draft\chapter-drafts\ch16-final-review\terms,,,,,2026-06-10T14:15:07-04:00,missing-source,no canonical file matched pattern
final-review,terms-treasury,,"ch15-terms.md",,,,,2026-06-10T14:15:07-04:00,skipped-noncanonical,no-pattern-match
final-review,terms-treasury,,"ch15-TermTreasury-221.md",,,,,2026-06-10T14:15:07-04:00,skipped-noncanonical,excluded-pattern
final-review,rat,G:\My Drive\0-Projects\!-important\BITM330-book-drive\BITM330-Book-draft\chapter-drafts\ch16-final-review\rat,,,,,2026-06-10T14:15:07-04:00,missing-source,no canonical file matched pattern
final-review,rat,,"ch15-rat.md",,,,,2026-06-10T14:15:07-04:00,skipped-noncanonical,no-pattern-match
conclusion,core-concepts,G:\My Drive\0-Projects\!-important\BITM330-book-drive\BITM330-Book-draft\chapter-drafts\ch17-conclusion\main\ch17-main-2026-05-08.md,ch17-main-2026-05-08.md,2026-05-08,7ada42cc33ba80960ea94965a48725a8d513af40c38420403d19d35a3cc62fab,files/source/chapters/ch17-conclusion/core-concepts.md,2026-06-10T14:15:07-04:00,imported,
conclusion,core-concepts,,"ch16-conclusion-concepts.md",,,,,2026-06-10T14:15:07-04:00,skipped-noncanonical,excluded-pattern
conclusion,core-concepts,,"ch16-edit-2-17.md",,,,,2026-06-10T14:15:07-04:00,skipped-noncanonical,excluded-pattern
conclusion,core-concepts,,"ch16-edits.md",,,,,2026-06-10T14:15:07-04:00,skipped-noncanonical,excluded-pattern
conclusion,core-concepts,,"ch16-rewrite-222.md",,,,,2026-06-10T14:15:07-04:00,skipped-noncanonical,excluded-pattern
conclusion,core-concepts,,"ch17-main-rewritten-2026-05-18.md",,,,,2026-06-10T14:15:07-04:00,skipped-noncanonical,excluded-pattern
conclusion,core-concepts,,"conclusion-draft.md",,,,,2026-06-10T14:15:07-04:00,skipped-noncanonical,excluded-pattern
conclusion,lets-build,G:\My Drive\0-Projects\!-important\BITM330-book-drive\BITM330-Book-draft\chapter-drafts\ch17-conclusion\lets-build\ch17-lets-build-2026-05-08.md,ch17-lets-build-2026-05-08.md,2026-05-08,9cfe9e8f7cb40c10127b9363dbb8f90f56847fb7bbcb667df4f29ccb42d85704,files/source/chapters/ch17-conclusion/lets-build.md,2026-06-10T14:15:07-04:00,imported,
conclusion,lets-build,,"ch16-lets-build.md",,,,,2026-06-10T14:15:07-04:00,skipped-noncanonical,no-pattern-match
conclusion,review-questions,G:\My Drive\0-Projects\!-important\BITM330-book-drive\BITM330-Book-draft\chapter-drafts\ch17-conclusion\reflection,,,,,2026-06-10T14:15:07-04:00,missing-source,no canonical file matched pattern
conclusion,review-questions,,"ch16-discussion.md",,,,,2026-06-10T14:15:07-04:00,skipped-noncanonical,no-pattern-match
conclusion,review-questions,,"ch16-reflection.md",,,,,2026-06-10T14:15:07-04:00,skipped-noncanonical,no-pattern-match
conclusion,review-questions,,"ch16-review.md",,,,,2026-06-10T14:15:07-04:00,skipped-noncanonical,no-pattern-match
conclusion,terms-treasury,G:\My Drive\0-Projects\!-important\BITM330-book-drive\BITM330-Book-draft\chapter-drafts\ch17-conclusion\terms,,,,,2026-06-10T14:15:07-04:00,missing-source,no canonical file matched pattern
conclusion,terms-treasury,,"ch16-terms.md",,,,,2026-06-10T14:15:07-04:00,skipped-noncanonical,no-pattern-match
conclusion,terms-treasury,,"ch16-TermTreasury-221.md",,,,,2026-06-10T14:15:07-04:00,skipped-noncanonical,excluded-pattern
conclusion,rat,G:\My Drive\0-Projects\!-important\BITM330-book-drive\BITM330-Book-draft\chapter-drafts\ch17-conclusion\rat,,,,,2026-06-10T14:15:07-04:00,missing-source,no canonical file matched pattern
conclusion,rat,,"ch16-rat.md",,,,,2026-06-10T14:15:07-04:00,skipped-noncanonical,no-pattern-match
lab-01,lab-answers,,lab-01-answers-2026-05-21.md,,,,,2026-06-10T14:15:07-04:00,skipped-answer-file,
lab-01,lab-answers,,lab-01-answers-2026-05-22.md,,,,,2026-06-10T14:15:07-04:00,skipped-answer-file,
lab-01,lab-answers,,lab-01-answers-2026-06-03.md,,,,,2026-06-10T14:15:07-04:00,skipped-answer-file,
lab-01,lab-questions,G:\My Drive\0-Projects\!-important\BITM330-book-drive\BITM330-Book-draft\chapter-drafts\Labs-draft\lab-01-petvax-intro\lab-01-questions-2026-06-03.md,lab-01-questions-2026-06-03.md,2026-06-03,93c93e046c32586c1cce9187e46a374640bfdf03d59170ff1229cefa40be2d90,files/source/labs/lab-01-petvax-intro/index.md,2026-06-10T14:15:07-04:00,imported,
lab-02,lab-answers,,lab-02-answers-2026-05-21.md,,,,,2026-06-10T14:15:07-04:00,skipped-answer-file,
lab-02,lab-answers,,lab-02-answers-2026-05-22.md,,,,,2026-06-10T14:15:07-04:00,skipped-answer-file,
lab-02,lab-answers,,lab-02-answers-2026-05-23.md,,,,,2026-06-10T14:15:07-04:00,skipped-answer-file,
lab-02,lab-answers,,lab-02-answers-2026-06-03.md,,,,,2026-06-10T14:15:07-04:00,skipped-answer-file,
lab-02,lab-questions,G:\My Drive\0-Projects\!-important\BITM330-book-drive\BITM330-Book-draft\chapter-drafts\Labs-draft\lab-02-petvax-system\lab-02-questions-2026-06-03.md,lab-02-questions-2026-06-03.md,2026-06-03,51cabcfd065932055c79c284a54af2274b37806dc1595e74d368a46c2400531f,files/source/labs/lab-02-petvax-system/index.md,2026-06-10T14:15:07-04:00,imported,
lab-03,lab-answers,,lab-03-answers-2026-05-21.md,,,,,2026-06-10T14:15:07-04:00,skipped-answer-file,
lab-03,lab-answers,,lab-03-answers-2026-05-22.md,,,,,2026-06-10T14:15:07-04:00,skipped-answer-file,
lab-03,lab-answers,,lab-03-answers-2026-05-24.md,,,,,2026-06-10T14:15:07-04:00,skipped-answer-file,
lab-03,lab-answers,,lab-03-answers-2026-06-03.md,,,,,2026-06-10T14:15:07-04:00,skipped-answer-file,
lab-03,lab-questions,G:\My Drive\0-Projects\!-important\BITM330-book-drive\BITM330-Book-draft\chapter-drafts\Labs-draft\lab-03-data-types-and-tables\lab-03-questions-2026-06-03.md,lab-03-questions-2026-06-03.md,2026-06-03,5567ef31518faa0e41dac39404d3adfbeb03653ef3fa8549e6e28ab4000006c3,files/source/labs/lab-03-data-types-and-tables/index.md,2026-06-10T14:15:07-04:00,imported,
lab-04,lab-answers,,lab-04-answers-2026-05-21.md,,,,,2026-06-10T14:15:07-04:00,skipped-answer-file,
lab-04,lab-answers,,lab-04-answers-2026-05-22.md,,,,,2026-06-10T14:15:07-04:00,skipped-answer-file,
lab-04,lab-answers,,lab-04-answers-2026-05-23.md,,,,,2026-06-10T14:15:07-04:00,skipped-answer-file,
lab-04,lab-answers,,lab-04-answers-2026-06-03.md,,,,,2026-06-10T14:15:07-04:00,skipped-answer-file,
lab-04,lab-questions,G:\My Drive\0-Projects\!-important\BITM330-book-drive\BITM330-Book-draft\chapter-drafts\Labs-draft\lab-04-intro-to-access\lab-04-questions-2026-06-03.md,lab-04-questions-2026-06-03.md,2026-06-03,6f3007d3a7436e4d12d1c8d113ec2a9cce03159e2de4e7f202a766987b55cb84,files/source/labs/lab-04-intro-to-access/index.md,2026-06-10T14:15:07-04:00,imported,
lab-05,lab-answers,,lab-05-answers-2026-05-21.md,,,,,2026-06-10T14:15:07-04:00,skipped-answer-file,
lab-05,lab-answers,,lab-05-answers-2026-05-22.md,,,,,2026-06-10T14:15:07-04:00,skipped-answer-file,
lab-05,lab-answers,,lab-05-answers-2026-05-24.md,,,,,2026-06-10T14:15:07-04:00,skipped-answer-file,
lab-05,lab-answers,,lab-05-answers-2026-06-03.md,,,,,2026-06-10T14:15:07-04:00,skipped-answer-file,
lab-05,lab-questions,G:\My Drive\0-Projects\!-important\BITM330-book-drive\BITM330-Book-draft\chapter-drafts\Labs-draft\lab-05-sql\lab-05-questions-2026-06-03.md,lab-05-questions-2026-06-03.md,2026-06-03,b1c6dc8b67e67571b2e10708512ec9e22ca66b1ef3fefb55627a6587b8de9174,files/source/labs/lab-05-sql/index.md,2026-06-10T14:15:07-04:00,imported,
lab-06,lab-answers,,lab-06-answers-2026-05-24.md,,,,,2026-06-10T14:15:07-04:00,skipped-answer-file,
lab-06,lab-questions,G:\My Drive\0-Projects\!-important\BITM330-book-drive\BITM330-Book-draft\chapter-drafts\Labs-draft\lab-06-relational-model\lab-06-questions-2026-05-24.md,lab-06-questions-2026-05-24.md,2026-05-24,359fca62551ed0d79f20d15bd1fabf81c7f85c21bc2a69a905548ef30c8d9047,files/source/labs/lab-06-relational-model/index.md,2026-06-10T14:15:07-04:00,imported,
lab-07,lab-answers,,lab-07-answers-2026-05-21.md,,,,,2026-06-10T14:15:07-04:00,skipped-answer-file,
lab-07,lab-answers,,lab-07-answers-2026-05-22.md,,,,,2026-06-10T14:15:07-04:00,skipped-answer-file,
lab-07,lab-answers,,lab-07-answers-2026-05-26.md,,,,,2026-06-10T14:15:07-04:00,skipped-answer-file,
lab-07,lab-questions,G:\My Drive\0-Projects\!-important\BITM330-book-drive\BITM330-Book-draft\chapter-drafts\Labs-draft\lab-07-normalization\lab-07-questions-2026-05-26.md,lab-07-questions-2026-05-26.md,2026-05-26,64d9a8d43763b05eaa1d1f16ab6f7bf94033bbc1d12ee2f0226639d8e4172137,files/source/labs/lab-07-normalization/index.md,2026-06-10T14:15:07-04:00,imported,
lab-08,lab-answers,,lab-08-answers-2026-05-21.md,,,,,2026-06-10T14:15:07-04:00,skipped-answer-file,
lab-08,lab-answers,,lab-08-answers-2026-05-22.md,,,,,2026-06-10T14:15:07-04:00,skipped-answer-file,
lab-08,lab-questions,G:\My Drive\0-Projects\!-important\BITM330-book-drive\BITM330-Book-draft\chapter-drafts\Labs-draft\lab-08-midterm-review\lab-08-questions-2026-05-22.md,lab-08-questions-2026-05-22.md,2026-05-22,36cb3c2359aad3d8b609abb4fb4f32aba91d1317bc93b094f18db844832d2108,files/source/labs/lab-08-midterm-review/index.md,2026-06-10T14:15:07-04:00,imported,
lab-09,lab-answers,,lab-09-answers-2026-05-21.md,,,,,2026-06-10T14:15:07-04:00,skipped-answer-file,
lab-09,lab-answers,,lab-09-answers-2026-05-22.md,,,,,2026-06-10T14:15:07-04:00,skipped-answer-file,
lab-09,lab-questions,G:\My Drive\0-Projects\!-important\BITM330-book-drive\BITM330-Book-draft\chapter-drafts\Labs-draft\lab-09-advanced-sql\lab-09-questions-2026-05-22.md,lab-09-questions-2026-05-22.md,2026-05-22,3667dda68b3badb700cfde7f84a9c467ca5c67984f2a7c13f11bdd70ab6ab709,files/source/labs/lab-09-advanced-sql/index.md,2026-06-10T14:15:07-04:00,imported,
lab-10,lab-answers,,lab-10-answers-2026-05-21.md,,,,,2026-06-10T14:15:07-04:00,skipped-answer-file,
lab-10,lab-answers,,lab-10-answers-2026-05-22.md,,,,,2026-06-10T14:15:07-04:00,skipped-answer-file,
lab-10,lab-questions,G:\My Drive\0-Projects\!-important\BITM330-book-drive\BITM330-Book-draft\chapter-drafts\Labs-draft\lab-10-database-design\lab-10-questions-2026-05-22.md,lab-10-questions-2026-05-22.md,2026-05-22,04c2ef60e7979c27cd54e1e03cb9fdf60821ddf26f80d66baf709eb90ba429ff,files/source/labs/lab-10-database-design/index.md,2026-06-10T14:15:07-04:00,imported,
lab-11,lab-answers,,lab-11-answers-2026-05-21.md,,,,,2026-06-10T14:15:07-04:00,skipped-answer-file,
lab-11,lab-answers,,lab-11-answers-2026-05-22.md,,,,,2026-06-10T14:15:07-04:00,skipped-answer-file,
lab-11,lab-questions,G:\My Drive\0-Projects\!-important\BITM330-book-drive\BITM330-Book-draft\chapter-drafts\Labs-draft\lab-11-database-admin\lab-11-questions-2026-05-22.md,lab-11-questions-2026-05-22.md,2026-05-22,cfa7f24f440815367837f4d837f38a1e5bf7d6d63abc90d4848d547c06168d0c,files/source/labs/lab-11-database-admin/index.md,2026-06-10T14:15:07-04:00,imported,
lab-12,lab-answers,,lab-12-answers-2026-05-21.md,,,,,2026-06-10T14:15:07-04:00,skipped-answer-file,
lab-12,lab-answers,,lab-12-answers-2026-05-22.md,,,,,2026-06-10T14:15:07-04:00,skipped-answer-file,
lab-12,lab-questions,G:\My Drive\0-Projects\!-important\BITM330-book-drive\BITM330-Book-draft\chapter-drafts\Labs-draft\lab-12-business-intelligence\lab-12-questions-2026-05-22.md,lab-12-questions-2026-05-22.md,2026-05-22,0878f5b57271643eb85a7ac69fb6c8537c4740bb649b63c819b0a6e9bd20f3db,files/source/labs/lab-12-business-intelligence/index.md,2026-06-10T14:15:07-04:00,imported,
lab-13,lab-answers,,lab-13-answers-2026-05-21.md,,,,,2026-06-10T14:15:07-04:00,skipped-answer-file,
lab-13,lab-answers,,lab-13-answers-2026-05-22.md,,,,,2026-06-10T14:15:07-04:00,skipped-answer-file,
lab-13,lab-questions,G:\My Drive\0-Projects\!-important\BITM330-book-drive\BITM330-Book-draft\chapter-drafts\Labs-draft\lab-13-advanced-techniques\lab-13-questions-2026-05-22.md,lab-13-questions-2026-05-22.md,2026-05-22,08a50e31052f75b6aecaa6fce6b03916adba92f735700879d6665b953e5b55fc,files/source/labs/lab-13-advanced-techniques/index.md,2026-06-10T14:15:07-04:00,imported,
lab-14,lab-answers,,lab-14-answers-2026-05-21.md,,,,,2026-06-10T14:15:07-04:00,skipped-answer-file,
lab-14,lab-answers,,lab-14-answers-2026-05-22.md,,,,,2026-06-10T14:15:07-04:00,skipped-answer-file,
lab-14,lab-questions,G:\My Drive\0-Projects\!-important\BITM330-book-drive\BITM330-Book-draft\chapter-drafts\Labs-draft\lab-14-powerbi\lab-14-questions-2026-05-22.md,lab-14-questions-2026-05-22.md,2026-05-22,55942f198279f65c5f27d2eddc4064a6debb8ce49f397e1016d39a2f252b4962,files/source/labs/lab-14-powerbi/index.md,2026-06-10T14:15:07-04:00,imported,
lab-15,lab-answers,,lab-15-answers-2026-05-21.md,,,,,2026-06-10T14:15:07-04:00,skipped-answer-file,
lab-15,lab-answers,,lab-15-answers-2026-05-22.md,,,,,2026-06-10T14:15:07-04:00,skipped-answer-file,
lab-15,lab-questions,G:\My Drive\0-Projects\!-important\BITM330-book-drive\BITM330-Book-draft\chapter-drafts\Labs-draft\lab-15-strategy-and-is\lab-15-questions-2026-05-22.md,lab-15-questions-2026-05-22.md,2026-05-22,051cc3b741589f47f6c5f64a598a60e0dae9da13c182f0a1f1c2d7b51468cb7a,files/source/labs/lab-15-strategy-and-is/index.md,2026-06-10T14:15:07-04:00,imported,
